metric,improved_minus_baseline
rmse_smm,-0.0077188463839358516
mae_smm,-0.005589709843840251
P_base,0.6004878184890998
P_plus_50bp,0.5798353425852554
P_minus_50bp,-1.165281996629929
effective_duration,-1.7151107703079207
