metric,improved_minus_baseline
rmse_smm,-0.0077188463839358516
mae_smm,-0.005589709843840251
P_base,0.1359196303348824
P_plus_50bp,0.6182304531877918
P_minus_50bp,-0.3094914479930395
effective_duration,-0.8943006550785242
