model,n_train,n_test,rmse_smm,mae_smm
B,40,11,0.009697988683235336,0.008467713799890236
A,40,11,0.009848237786316041,0.009088199648942741
C,40,11,0.017416835067171187,0.014057423643730487
