role,model,P_base,P_plus_50bp,P_minus_50bp,effective_duration
Baseline,C,104.69827801825723,101.59896515045092,109.15634584599515,7.218247366233066
Improved,B,104.83419764859211,102.21719560363871,108.84685439800211,6.323946711154542
